漢字,訓読み
一,ひと（つ）
力,りき（む）
八,や（つ）
八,やっ（つ）
入,い（る）
入,はい（る）
二,ふた（つ）
七,なな（つ）
九,ここの（つ）
上,のぼ（る）
上,のぼ（す）
上,たてまつ（る）
三,み（つ）
三,みっ（つ）
下,くだ（す）
下,くだ（る）
文,かざ（る）
六,む（つ）
六,むっ（つ）
五,いつ（つ）
立,た（つ）
生,う（む）
生,お（う）
生,な（す）
生,な（る）
四,よ（つ）
四,よっ（つ）
田,か（る）
白,もう（す）
正,ただ（す）
出,だ（す）
出,で（る）
出,いだ（す）
出,い（づ）
休,やす（む）
休,いこ（う）
先,ま（ず）
見,み（る）
見,あらわ（す）
足,た（す）
足,た（る）
学,まな（ぶ）
空,あ（く）
空,す（く）
工,たく（む）
少,しばら（く）
太,ふと（る）
切,き（る）
止,さ（す）
止,や（む）
止,よ（す）
引,ひ（く）
内,い（る）
北,そむ（く）
古,ふる（す）
外,はず（す）
合,あ（う）
行,い（く）
行,おこな（う）
行,ゆ（く）
行,し（ぬ）
行,や（る）
毎,むさぼ（る）
光,ひか（る）
会,あ（う）
交,か（う）
回,まわ（す）
回,まわ（る）
回,めぐ（る）
走,はし（る）
作,つく（る）
作,な（す）
言,い（う）
売,う（る）
図,はか（る）
来,く（る）
来,きた（す）
来,きた（る）
何,いず（く）
知,し（る）
明,あ（く）
直,なお（す）
直,なお（る）
画,えが（く）
画,かぎ（る）
画,か（く）
画,はか（る）
歩,あゆ（む）
歩,ある（く）
点,とぼ（す）
点,とぼ（る）
点,とも（る）
思,おも（う）
計,はか（る）
食,く（う）
食,は（む）
首,もう（す）
記,しる（す）
弱,よわ（る）
原,ゆる（す）
通,かよ（う）
通,とお（す）
通,とお（る）
書,か（く）
帰,かえ（す）
帰,かえ（る）
帰,おく（る）
帰,とつ（ぐ）
週,めぐ（る）
細,ほそ（る）
雪,すす（ぐ）
雪,そそ（ぐ）
組,く（む）
番,つが（う）
買,か（う）
道,い（う）
道,みちび（く）
絵,えが（く）
間,うかが（う）
楽,この（む）
話,はな（す）
語,かた（る）
鳴,な（く）
鳴,な（る）
聞,き（く）
歌,うた（う）
読,よ（む）
曜,かがや（く）
反,そ（る）
反,かえ（す）
反,かえ（る）
反,そむ（く）
予,ゆる（す）
写,うつ（す）
写,うつ（る）
打,う（つ）
打,ぶ（つ）
去,さ（る）
去,のぞ（く）
去,ゆ（く）
主,つかさど（る）
由,よ（る）
号,さけ（ぶ）
礼,うやま（う）
氷,こお（る）
仕,つかまつ（る）
申,もう（す）
式,のっと（る）
死,し（ぬ）
向,む（く）
次,つ（ぐ）
次,つい（ず）
次,やど（る）
両,ふた（つ）
守,まも（る）
全,まった（く）
有,あ（る）
有,も（つ）
返,かえ（す）
返,かえ（る）
住,す（む）
取,と（る）
注,そそ（ぐ）
注,さ（す）
注,つ（ぐ）
実,みの（る）
使,つか（う）
苦,にが（る）
泳,およ（ぐ）
表,あらわ（す）
服,き（る）
服,したが（う）
服,の（む）
放,はな（す）
放,はな（つ）
放,ほう（る）
放,こ（く）
放,さ（く）
放,ひ（る）
放,まか（す）
放,ゆる（す）
育,そだ（つ）
育,はぐく（む）
岸,かどだ（つ）
和,なご（む）
和,な（ぐ）
委,お（く）
送,おく（る）
面,そむ（く）
追,お（う）
研,と（ぐ）
研,みが（く）
度,はか（る）
度,わた（る）
待,ま（つ）
発,あば（く）
発,た（つ）
発,はな（つ）
発,ひら（く）
負,お（う）
負,そむ（く）
負,たの（む）
乗,の（る）
指,さ（す）
持,も（つ）
拾,ひろ（う）
急,いそ（ぐ）
急,せ（く）
係,かか（る）
係,つな（ぐ）
流,なが（す）
荷,にな（う）
起,た（つ）
倍,そむ（く）
倍,ま（す）
消,け（す）
配,くば（る）
配,なが（す）
配,なら（ぶ）
病,や（む）
息,いこ（う）
息,やす（む）
息,や（む）
悪,にく（む）
動,うご（く）
問,と（う）
終,しま（う）
習,なら（う）
宿,やど（す）
宿,やど（る）
転,ころ（ぶ）
転,うつ（る）
転,まろ（ぶ）
進,すす（む）
商,あきな（う）
商,はか（る）
祭,まつ（る）
期,ちぎ（る）
陽,いつわ（る）
飲,の（む）
飲,みずか（う）
運,はこ（ぶ）
運,めぐ（る）
遊,あそ（ぶ）
遊,すさ（ぶ）
温,つつ（む）
開,あ（く）
開,ひら（く）
登,のぼ（る）
着,き（る）
着,つ（く）
集,つど（う）
集,すだ（く）
集,たか（る）
勝,か（つ）
勝,まさ（る）
想,おも（う）
農,たがや（す）
意,おも（う）
練,ね（る）
談,かた（る）
調,ととの（う）
調,あざけ（る）
調,やわら（ぐ）
整,ととの（う）
欠,か（く）
失,うしな（う）
付,つ（く）
包,つつ（む）
包,くる（む）
必,かなら（ず）
司,つかさど（る）
印,しる（す）
衣,き（る）
兆,きざ（す）
灯,とぼ（す）
灯,とも（す）
灯,とも（る）
成,な（す）
成,な（る）
伝,つた（う）
争,あらそ（う）
好,この（む）
好,す（く）
利,き（く）
芸,くさぎ（る）
労,いたわ（る）
労,ねぎら（う）
労,はたら（く）
希,こいねが（う）
沖,と（ぶ）
別,わか（つ）
折,お（る）
治,なお（す）
治,なお（る）
法,のっと（る）
周,あまね（く）
周,めぐ（る）
牧,か（う）
牧,やしな（う）
参,まい（る）
芽,めぐ（む）
泣,な（く）
協,かな（う）
念,おも（う）
刷,す（る）
刷,は（く）
勇,いさ（む）
要,い（る）
単,ひと（つ）
飛,と（ぶ）
香,かお（る）
建,た（つ）
建,くつがえ（す）
約,ちか（う）
便,へつら（う）
省,はぶ（く）
祝,いわ（う）
祝,た（つ）
祝,の（る）
祝,のろ（う）
特,ひと（つ）
候,うかが（う）
候,さぶら（う）
候,ま（つ）
料,はか（る）
笑,わら（う）
笑,え（む）
訓,よ（む）
差,さ（す）
差,たが（う）
挙,こぞ（る）
残,のこ（す）
残,のこ（る）
敗,やぶ（る）
副,そ（う）
望,のぞ（む）
望,うら（む）
清,す（む）
産,う（む）
唱,うた（う）
散,ち（る）
焼,や（く）
量,はか（る）
給,たま（う）
給,たまわ（る）
富,と（む）
賀,よろこ（ぶ）
滋,しげ（る）
滋,ま（す）
結,むす（ぶ）
結,ゆ（う）
結,す（く）
覚,さと（る）
順,したが（う）
達,とお（る）
達,とど（く）
飯,くら（う）
続,つづ（く）
続,つ（ぐ）
置,お（く）
戦,たたか（う）
戦,おのの（く）
戦,そよ（ぐ）
辞,ことわ（る）
働,はたら（く）
試,ため（す）
照,て（る）
管,つかさど（る）
察,し（る）
察,み（る）
説,と（く）
説,よろこ（ぶ）
漁,あさ（る）
漁,すなど（る）
億,おしはか（る）
課,はか（る）
縄,ただ（す）
熱,いき（る）
熱,ほて（る）
標,しる（す）
選,えら（ぶ）
選,え（る）
選,すぐ（る）
選,よ（る）
養,やしな（う）
積,つ（む）
録,しる（す）
類,に（る）
験,ため（す）
観,しめ（す）
観,み（る）
願,ねが（う）
競,きそ（う）
競,せ（る）
競,きお（う）
議,はか（る）
比,なら（ぶ）
支,か（う）
弁,かた（る）
弁,と（く）
圧,お（す）
圧,へ（す）
布,し（く）
示,しめ（す）
刊,きざ（む）
刊,けず（る）
犯,おか（す）
旧,ふ（る）
任,まか（す）
因,よ（る）
因,ちな（む）
仮,か（す）
在,あ（る）
在,いま（す）
在,ましま（す）
判,わか（る）
志,こころざ（す）
志,しる（す）
余,あま（す）
余,あま（る）
似,に（る）
均,なら（す）
囲,かこ（う）
囲,かこ（む）
防,ふせ（ぐ）
防,まも（る）
舎,お（く）
舎,やど（る）
居,い（る）
居,お（く）
居,お（る）
効,き（く）
効,いた（す）
効,なら（う）
招,まね（く）
往,ゆ（く）
易,あなど（る）
肥,ふと（る）
非,あら（ず）
非,そし（る）
限,かぎ（る）
紀,しる（す）
迷,まよ（う）
迷,まど（う）
則,のっと（る）
保,たも（つ）
保,も（つ）
航,わた（る）
殺,ころ（す）
殺,けず（る）
殺,そ（ぐ）
修,かざ（る）
能,あた（う）
能,よ（く）
耕,たがや（す）
格,いた（る）
格,う（つ）
格,ただ（す）
造,つく（る）
造,いた（る）
造,な（る）
破,やぶ（る）
容,ゆる（す）
益,ま（す）
略,おか（す）
略,はか（る）
略,はぶ（く）
張,は（る）
務,あなど（る）
率,したが（う）
接,つ（ぐ）
接,は（ぐ）
接,もてな（す）
断,ことわ（る）
断,た（つ）
得,え（る）
得,う（る）
採,と（る）
混,こ（む）
寄,よ（る）
規,ただ（す）
移,うつ（す）
移,うつ（る）
経,へ（る）
経,た（つ）
現,あらわ（す）
許,ゆる（す）
救,すく（う）
過,あやま（つ）
過,よぎ（る）
測,はか（る）
絶,た（つ）
絶,わた（る）
属,つ（く）
貸,か（す）
証,あか（す）
貿,あきな（う）
象,かたど（る）
喜,よろこ（ぶ）
復,かえ（す）
復,かえ（る）
営,いとな（む）
評,あげつら（う）
評,はか（る）
減,へ（る）
飼,か（う）
飼,やしな（う）
解,と（く）
解,さと（る）
解,ほど（く）
解,わか（る）
禁,い（む）
損,へ（る）
演,おこな（う）
構,かま（う）
像,かたど（る）
製,つく（る）
歴,へ（る）
適,かな（う）
適,ゆ（く）
増,ま（す）
質,ただ（す）
編,あ（む）
導,みちび（く）
暴,あば（く）
暴,さら（す）
衛,まも（る）
輸,いた（す）
輸,うつ（す）
輸,おく（る）
築,きず（く）
築,つ（く）
燃,も（す）
興,おこ（す）
興,おこ（る）
績,う（む）
績,つむ（ぐ）
謝,あやま（る）
謝,ことわ（る）
謝,さ（る）
職,つかさど（る）
織,お（る）
識,し（る）
識,しる（す）
護,まも（る）
亡,うしな（う）
干,ほ（す）
干,ひ（る）
干,おか（す）
処,お（く）
処,お（る）
吸,す（う）
至,いた（る）
存,あ（る）
存,たも（つ）
存,と（う）
乱,みだ（す）
困,こま（る）
批,う（つ）
批,ただ（す）
系,つな（ぐ）
呼,よ（ぶ）
拝,おが（む）
若,し（く）
担,かつ（ぐ）
担,にな（う）
並,なら（ぶ）
届,とど（く）
刻,きざ（む）
延,ひ（く）
沿,そ（う）
承,うけたまわ（る）
背,そむ（く）
映,うつ（す）
映,うつ（る）
看,み（る）
巻,ま（く）
退,しりぞ（く）
退,しさ（る）
退,すさ（る）
退,の（く）
退,ひ（く）
宣,のたま（う）
律,のっと（る）
洗,あら（う）
従,したが（う）
値,あ（う）
除,のぞ（く）
除,はら（う）
討,う（つ）
秘,かく（す）
座,すわ（る）
座,いま（す）
班,かえ（す）
射,い（る）
射,う（つ）
射,さ（す）
降,ふ（る）
降,くだ（す）
降,くだ（る）
訪,おとな（う）
訪,と（う）
訳,と（く）
探,さが（す）
探,さぐ（る）
著,あらわ（す）
著,き（る）
著,つ（く）
頂,いただ（く）
盛,も（る）
盛,さか（る）
捨,ほどこ（す）
視,み（る）
済,す（む）
済,すく（う）
済,な（す）
済,わた（す）
済,わた（る）
推,お（す）
裁,さば（く）
裁,た（つ）
痛,いた（む）
就,つ（く）
就,な（す）
就,な（る）
補,おぎな（う）
割,わ（る）
割,さ（く）
装,よそお（う）
装,よそ（う）
貴,たっと（ぶ）
貴,とうと（ぶ）
揮,ふる（う）
尊,たっと（ぶ）
尊,とうと（ぶ）
敬,うやま（う）
敬,つつし（む）
創,つく（る）
盟,ちか（う）
署,しる（す）
傷,いた（む）
蒸,む（す）
賃,やと（う）
障,さわ（る）
障,ふせ（ぐ）
誤,あやま（る）
模,のっと（る）
誌,しる（す）
疑,うたが（う）
疑,うたぐ（る）
敵,かな（う）
遺,のこ（す）
遺,のこ（る）
論,あげつら（う）
論,と（く）
誕,いつわ（る）
熟,う（む）
熟,こな（す）
熟,に（る）
権,はか（る）
操,あやつ（る）
操,と（る）
縦,はな（つ）
縦,ゆる（す）
憲,のっと（る）
奮,ふる（う）
縮,ちぢ（む）
覧,み（る）
優,まさ（る）
簡,えら（ぶ）
臨,のぞ（む）
与,あずか（る）
及,およ（ぶ）
刈,か（る）
匹,たぐ（う）
払,はら（う）
込,こ（む）
召,め（す）
占,うらな（う）
汚,よご（す）
汚,けが（す）
仰,あお（ぐ）
仰,あおの（く）
仰,おっしゃ（る）
仰,の（く）
扱,あつか（う）
扱,こ（く）
扱,しご（く）
弐,ふた（つ）
尽,ことごと（く）
劣,おと（る）
吐,は（く）
吐,つ（く）
巡,めぐ（る）
巡,まわ（る）
叫,さけ（ぶ）
抜,ぬ（く）
攻,みが（く）
却,しりぞ（く）
狂,くる（う）
抗,あらが（う）
抗,こば（む）
抗,はりあ（う）
抗,ふせ（ぐ）
吹,ふ（く）
壱,ひと（つ）
伺,うかが（う）
含,ふく（む）
沈,しず（む）
即,つ（く）
沢,うるお（う）
抵,う（つ）
拓,ひら（く）
茂,しげ（る）
到,いた（る）
突,つ（く）
刺,さ（す）
刺,そし（る）
征,う（つ）
征,と（る）
征,ゆ（く）
迫,せま（る）
迫,せ（る）
拍,う（つ）
押,お（す）
祈,いの（る）
抱,いだ（く）
抱,だ（く）
拠,よ（る）
屈,かが（む）
依,よ（る）
荒,すさ（ぶ）
荒,すさ（む）
咲,さ（く）
咲,わら（う）
侵,おか（す）
狩,か（る）
冒,おか（す）
冒,おお（う）
冒,ねた（む）
冒,むさぼ（る）
逃,のが（す）
怒,いか（る）
怒,おこ（る）
威,おど（す）
為,す（る）
為,つく（る）
為,な（す）
為,な（る）
致,いた（す）
称,かな（う）
称,はか（る）
眠,ねむ（る）
振,ふ（る）
振,すく（う）
恋,こ（う）
透,す（く）
透,とお（る）
浸,ひた（す）
浸,ひた（る）
浸,つ（く）
倒,たお（す）
扇,あお（ぐ）
軒,と（ぶ）
浮,う（く）
捕,と（る）
被,こうむ（る）
被,おお（う）
被,かぶ（る）
悩,なや（む）
恵,めぐ（む）
般,めぐ（る）
陰,かげ（る）
陰,くも（る）
添,そ（う）
描,えが（く）
描,か（く）
執,と（る）
脱,ぬ（ぐ）
紹,つ（ぐ）
惨,いた（む）
釈,お（く）
釈,と（く）
釈,ゆる（す）
盗,ぬす（む）
盗,と（る）
彩,いろど（る）
掘,ほ（る）
販,あきな（う）
販,ひさ（ぐ）
乾,かわ（く）
乾,ほ（す）
傍,そ（う）
弾,はず（む）
弾,ひ（く）
弾,ただ（す）
弾,はじ（く）
鈍,にぶ（る）
鈍,なま（る）
惑,まど（う）
雄,まさ（る）
普,あまね（く）
絡,から（む）
絡,つな（ぐ）
絡,まと（う）
渡,わた（す）
渡,わた（る）
握,にぎ（る）
煮,に（る）
援,ひ（く）
幾,こいねが（う）
越,こ（す）
畳,たた（む）
距,ふせ（ぐ）
煙,けむ（る）
煙,けぶ（る）
遣,つか（う）
遣,や（る）
搬,はこ（ぶ）
継,つ（ぐ）
誇,ほこ（る）
載,の（る）
載,しる（す）
溶,と（く）
嘆,なげ（く）
詰,つ（む）
詰,なじ（る）
跳,と（ぶ）
跳,おど（る）
違,ちが（う）
違,さ（る）
違,たが（う）
飾,かざ（る）
慎,つつし（む）
傾,かたむ（く）
傾,かし（ぐ）
傾,くつがえ（る）
触,さわ（る）
寝,ね（る）
慢,あなど（る）
慢,おこた（る）
慢,おご（る）
腐,くさ（る）
腐,くさ（す）
隠,かく（す）
駆,か（る）
駆,お（う）
徴,め（す）
維,つな（ぐ）
摘,つ（む）
摘,つま（む）
滴,したた（る）
踊,おど（る）
縁,よ（る）
舗,し（く）
輝,かがや（く）
輝,て（る）
歓,よろこ（ぶ）
監,かんがみ（る）
監,み（る）
黙,だま（る）
黙,もだ（す）
慮,おもんぱか（る）
趣,うなが（す）
趣,おもむ（く）
撃,う（つ）
盤,めぐ（る）
盤,わだかま（る）
敷,し（く）
震,ふる（う）
噴,ふ（く）
噴,は（く）
踏,ふ（む）
舞,ま（う）
舞,もてあそ（ぶ）
賦,わか（つ）
澄,す（む）
謡,うた（う）
繁,しげ（る）
隣,とな（る）
薄,せま（る）
頼,たの（む）
頼,たよ（る）
曇,くも（る）
憶,おも（う）
隷,したが（う）
濁,にご（す）
濁,にご（る）
獲,え（る）
壊,こわ（す）
壊,やぶ（る）
燥,かわ（く）
燥,はしゃ（ぐ）
環,めぐ（る）
瞬,またた（く）
瞬,しばた（く）
瞬,しばたた（く）
瞬,まじろ（ぐ）
瞬,まばた（く）
贈,おく（る）
騒,さわ（ぐ）
騒,ぞめ（く）
離,はな（す）
離,かか（る）
離,か（る）
離,つ（く）
離,なら（ぶ）
鎖,さ（す）
鎖,とざ（す）
闘,たたか（う）
麗,なら（ぶ）
繰,く（る）
響,ひび（く）
露,あらわ（す）
躍,おど（る）
襲,おそ（う）
襲,つ（ぐ）
驚,おどろ（く）
了,さと（る）
了,しま（う）
双,なら（ぶ）
双,ふた（つ）
斥,うかが（う）
巧,たく（む）
伏,ふ（す）
伏,したが（う）
如,し（く）
如,ゆ（く）
企,たくら（む）
伐,う（つ）
伐,き（る）
伐,ほこ（る）
寿,ことほ（ぐ）
伸,の（す）
伸,の（る）
没,しず（む）
没,し（ぬ）
忌,い（む）
抑,ふさ（ぐ）
伴,ともな（う）
励,はげ（む）
克,か（つ）
克,よ（く）
択,えら（ぶ）
択,よ（る）
泌,にじ（む）
奉,たてまつ（る）
奉,うけたまわ（る）
奉,まつ（る）
欧,は（く）
抽,ぬ（く）
抽,ひ（く）
昇,のぼ（る）
拘,こだわ（る）
阻,はば（む）
炊,た（く）
炊,かし（ぐ）
免,う（む）
免,ゆる（す）
侍,さぶら（う）
侍,はべ（る）
殴,なぐ（る）
殴,う（つ）
殴,たた（く）
施,ほどこ（す）
施,し（く）
孤,そむ（く）
削,けず（る）
削,そ（ぐ）
削,はつ（る）
恨,うら（む）
赴,おもむ（く）
怠,おこた（る）
促,うなが（す）
促,せま（る）
卸,おろ（す）
胎,はら（む）
冠,かむ（る）
契,ちぎ（る）
契,きざ（む）
訂,ただ（す）
隻,ひと（つ）
匿,かくま（う）
凍,こお（る）
疾,と（く）
疾,にく（む）
疾,や（む）
託,かこ（つ）
畜,か（う）
畜,やしな（う）
紛,まが（う）
悟,さと（る）
脅,おど（す）
畔,そむ（く）
倣,なら（う）
悦,よろこ（ぶ）
陵,しの（ぐ）
酔,よ（う）
控,のぞ（く）
貫,つらぬ（く）
貫,ぬ（く）
貫,ひ（く）
措,お（く）
掃,は（く）
掃,はら（う）
逮,およ（ぶ）
猟,か（る）
赦,ゆる（す）
陪,したが（う）
崩,くず（す）
粘,ねば（る）
彫,ほ（る）
啓,ひら（く）
啓,もう（す）
募,つの（る）
葬,ほうむ（る）
揺,ゆ（る）
裂,さ（く）
超,こ（す）
喫,く（う）
喫,す（う）
喫,の（む）
焦,あせ（る）
焦,や（く）
欺,あざむ（く）
湿,しめ（す）
湿,しめ（る）
湿,うるお（す）
喚,さけ（ぶ）
喚,よ（ぶ）
喚,わめ（く）
掌,つかさど（る）
随,したが（う）
絞,しぼ（る）
絞,くび（る）
遇,あ（う）
遇,もてな（す）
詠,よ（む）
詠,うた（う）
雇,やと（う）
塗,ぬ（る）
塗,まぶ（す）
催,もよお（す）
催,うなが（す）
搾,しぼ（る）
嫁,とつ（ぐ）
滞,とどこお（る）
摂,と（る）
零,ふ（る）
滑,すべ（る）
滑,ぬめ（る）
慨,いきどお（る）
慨,なげ（く）
漂,ただよ（う）
漂,さら（す）
誘,さそ（う）
誘,いざな（う）
誘,おび（く）
慕,した（う）
慕,しの（ぶ）
憎,にく（む）
遭,あ（う）
奪,うば（う）
漏,も（る）
慰,なぐさ（む）
緊,ちぢ（む）
緩,ゆる（む）
閲,へ（る）
暫,しばら（く）
潤,うるお（う）
潤,うるお（す）
潤,うる（む）
遵,したが（う）
締,むす（ぶ）
衝,つ（く）
鋳,い（る）
嘱,たの（む）
撮,と（る）
撮,つま（む）
潜,ひそ（む）
潜,もぐ（る）
潜,くぐ（る）
請,こ（う）
諾,うべな（う）
擁,いだ（く）
擁,だ（く）
擁,まも（る）
諮,はか（る）
諮,と（う）
錬,ね（る）
墾,ひら（く）
縛,しば（る）
凝,こ（る）
凝,こご（る）
賢,まさ（る）
憩,いこ（う）
縫,ぬ（う）
錯,あやま（る）
錯,お（く）
謀,はか（る）
聴,き（く）
聴,ゆる（す）
擦,す（る）
擦,こす（る）
擦,さす（る）
擦,なす（る）
繕,つくろ（う）
覆,おお（う）
覆,くつがえ（す）
覆,くつがえ（る）
騎,の（る）
翻,ひるがえ（す）
翻,ひるがえ（る）
穫,か（る）
譲,ゆず（る）
籍,し（く）
籍,ふ（む）
刃,き（る）
弔,とむら（う）
屯,なや（む）
升,のぼ（る）
凸,つばく（む）
凹,くぼ（む）
凹,へこ（む）
且,か（つ）
且,しばら（く）
充,み（つ）
忍,しの（ぶ）
肖,あやか（る）
肖,かたど（る）
肖,に（る）
亜,つ（ぐ）
抄,うつ（す）
抄,かすめ（る）
抄,す（く）
抄,すく（う）
妊,はら（む）
妊,みごも（る）
把,と（る）
把,にぎ（る）
吟,うた（う）
吟,うめ（く）
戻,もど（す）
戻,もど（る）
戻,いた（る）
戻,もと（る）
呈,しめ（す）
披,ひら（く）
肯,うなず（く）
肯,うべな（う）
併,なら（ぶ）
侮,あなど（る）
沸,わ（く）
附,つ（く）
拒,こば（む）
拒,ふせ（ぐ）
泥,なず（む）
析,さ（く）
奔,はし（る）
劾,あば（く）
拐,かた（る）
拐,かどわか（す）
尚,たっと（ぶ）
尚,とうと（ぶ）
抹,け（す）
抹,す（る）
砕,くだ（く）
拷,う（つ）
挑,いど（む）
甚,いた（く）
洞,つらぬ（く）
臭,にお（う）
窃,ぬす（む）
糾,あざな（う）
糾,ただ（す）
括,くく（る）
括,くび（る）
挟,はさ（む）
挟,さしはさ（む）
姻,とつ（ぐ）
准,ゆる（す）
陥,おちい（る）
耗,へ（る）
殉,したが（う）
娠,はら（む）
娠,みごも（る）
泰,おご（る）
捜,さが（す）
逐,お（う）
索,さが（す）
逝,い（く）
逝,ゆ（く）
挿,さ（す）
挿,さしはさ（む）
挿,はさ（む）
紡,つむ（ぐ）
酌,く（む）
剖,さ（く）
宰,つかさど（る）
恭,つつし（む）
唆,そそのか（す）
貢,みつ（ぐ）
涼,すず（む）
培,つちか（う）
崇,たっと（ぶ）
崇,とうと（ぶ）
偵,うかが（う）
偏,かたよ（る）
患,わずら（う）
旋,めぐ（る）
釣,つ（る）
累,しば（る）
斎,いつ（く）
斎,つつし（む）
逸,うしな（う）
逸,はし（る）
逸,はや（る）
庶,こいねが（う）
悼,いた（む）
渋,しぶ（る）
剰,あま（す）
剰,あま（る）
渉,わた（る）
粛,つつし（む）
偽,いつわ（る）
渇,かわ（く）
渇,むさぼ（る）
喝,おど（す）
喝,しか（る）
堕,こぼ（つ）
惰,おこた（る）
搭,の（る）
遍,あまね（く）
堪,たま（る）
廃,すた（る）
診,み（る）
款,しる（す）
款,たた（く）
款,よろこ（ぶ）
閑,なら（う）
循,したが（う）
循,めぐ（る）
暁,さと（る）
詐,あざむ（く）
詐,いつわ（る）
粧,めか（す）
粧,よそお（う）
疎,うと（む）
疎,とお（す）
疎,とお（る）
喪,うしな（う）
睡,ねむ（る）
嗣,つ（ぐ）
嫌,きら（う）
嫌,うたが（う）
煩,わずら（う）
頒,し（く）
献,たてまつ（る）
献,まつ（る）
督,うなが（す）
督,ただ（す）
督,み（る）
賄,まかな（う）
賄,まいな（う）
禅,ゆず（る）
践,ふ（む）
寛,くつろ（ぐ）
銘,しる（す）
彰,あらわ（す）
誓,ちか（う）
漸,すす（む）
漸,ようや（く）
遮,さえぎ（る）
徹,とお（る）
摩,こす（る）
摩,さす（る）
摩,す（る）
撲,う（つ）
撲,なぐ（る）
撲,は（る）
履,は（く）
履,ふ（む）
遷,うつ（す）
遷,うつ（る）
稼,かせ（ぐ）
賓,したが（う）
憤,いきどお（る）
憤,むずか（る）
罷,まか（る）
慶,よろこ（ぶ）
賜,たまわ（る）
賜,たま（う）
賠,つぐな（う）
懐,なつ（く）
懐,いだ（く）
懐,おも（う）
衡,はか（る）
還,かえ（す）
還,かえ（る）
磨,みが（く）
磨,す（る）
磨,と（ぐ）
薫,かお（る）
薫,た（く）
融,とお（る）
憾,うら（む）
諭,さと（す）
薦,し（く）
嚇,いか（る）
嚇,おど（す）
購,あがな（う）
頻,しき（る）
濯,あら（う）
濯,すす（ぐ）
醜,にく（む）
矯,いつわ（る）
謹,つつし（む）
擬,はか（る）
謙,へりくだ（る）
謄,うつ（す）
償,つぐな（う）
顕,あらわ（す）
譜,しる（す）
譜,つづ（く）
醸,かも（す）
騰,のぼ（る）
乞,こ（う）
匂,にお（う）
𠮟,しか（る）
叱,しか（る）
弄,もてあそ（ぶ）
弄,あなど（る）
弄,いじく（る）
弄,いじ（る）
弄,いら（う）
弄,まさぐ（る）
串,つらぬ（く）
汰,おご（る）
汰,にご（る）
沃,そそ（ぐ）
冶,い（る）
妬,ねた（む）
妬,そね（む）
妬,や（く）
狙,ねら（う）
呪,のろ（う）
呪,まじな（う）
采,と（る）
弥,つくろ（う）
弥,わた（る）
拉,くじ（く）
拉,ひ（く）
拉,ひし（ぐ）
苛,さいな（む）
玩,もてあそ（ぶ）
咽,の（む）
咽,むせ（ぶ）
咽,むせ（る）
拭,ぬぐ（う）
拭,ふ（く）
怨,うら（む）
拶,せま（る）
剥,は（ぐ）
剥,と（る）
剥,む（く）
剝,は（ぐ）
剝,と（る）
剝,む（く）
捗,はかど（る）
哺,はぐく（む）
哺,ふく（む）
捉,と（る）
凄,すご（む）
挫,くじ（く）
挨,お（す）
挨,ひら（く）
唄,うた（う）
戚,いた（む）
爽,たが（う）
貪,むさぼ（る）
萎,しぼ（む）
捻,ねじ（る）
捻,ひね（る）
淫,ふけ（る）
淫,みだ（す）
頃,しばら（く）
斬,き（る）
曽,ま（す）
崖,かどだ（つ）
椎,う（つ）
湧,わ（く）
喩,さと（す）
喩,よろこ（ぶ）
貼,は（る）
須,しばら（く）
須,すべから（く）
須,ま（つ）
喻,さと（す）
喻,よろこ（ぶ）
睦,むつ（ぶ）
睦,むつ（む）
頓,つまず（く）
嗅,か（ぐ）
填,ふさ（ぐ）
賂,まいな（う）
毀,こぼ（つ）
毀,こわ（す）
毀,そし（る）
毀,やぶ（る）
慄,おのの（く）
嫉,そね（む）
嫉,にく（む）
嫉,ねた（む）
蓋,おお（う）
傲,あそ（ぶ）
傲,あなど（る）
傲,おご（る）
詮,えら（ぶ）
詣,いた（る）
詣,まい（る）
塞,ふさ（ぐ）
塞,せ（く）
楷,のっと（る）
羨,うらや（む）
羨,あま（る）
塡,ふさ（ぐ）
煎,い（る）
煎,に（る）
蔑,さげす（む）
遡,さかのぼ（る）
綻,ほころ（ぶ）
遜,へりくだ（る）
遜,ゆず（る）
潰,つぶ（す）
摯,と（る）
蔽,おお（う）
嘲,あざけ（る）
嘲,からか（う）
罵,ののし（る）
稽,とどこお（る）
餌,く（う）
𥡴,とどこお（る）
錮,ふさ（ぐ）
諧,かな（う）
諧,ととの（う）
曖,おお（う）
曖,かげ（る）
戴,いただ（く）
臆,おしはか（る）
蹴,け（る）
艶,うらや（む）
鬱,しげ（る）
鬱,ふさ（ぐ）
卜,うらな（う）
叉,こまぬ（く）
叉,こまね（く）
叉,さ（す）
之,ゆ（く）
云,い（う）
允,ゆる（す）
帀,めぐ（る）
叶,かな（う）
匝,めぐ（る）
叩,たた（く）
叩,はた（く）
亘,わた（る）
亙,わた（る）
牟,な（く）
牟,むさぼ（る）
托,お（く）
托,お（す）
托,たの（む）
伍,いつ（つ）
此,か（く）
凪,な（ぐ）
弛,たゆ（む）
弛,たる（む）
弛,ゆる（む）
吃,く（う）
吃,す（う）
吃,ども（る）
吊,つ（る）
吊,つる（す）
曳,ひ（く）
匡,すく（う）
匡,ただ（す）
尖,とが（る）
夷,ころ（す）
舛,そむ（く）
佃,たがや（す）
吞,の（む）
扮,かざ（る）
扮,よそお（う）
苅,か（る）
辿,たど（る）
庇,かば（う）
杜,ふさ（ぐ）
坐,いま（す）
坐,おわ（す）
坐,すわ（る）
坐,ましま（す）
冴,こお（る）
呑,の（む）
灼,や（く）
汲,く（む）
汲,ひ（く）
杓,しゃく（う）
亨,とお（る）
亨,に（る）
迄,いた（る）
迄,およ（ぶ）
迂,まが（る）
怯,ひる（む）
欣,よろこ（ぶ）
姑,しばら（く）
苒,しげ（る）
苒,すす（む）
咒,のろ（う）
咒,まじな（う）
或,あ（る）
奄,おお（う）
岨,そばだ（つ）
沓,むさぼ（る）
杭,わた（る）
昂,たかぶ（る）
昏,くら（む）
卦,うらな（う）
阿,おもね（る）
阿,よ（る）
穿,うが（つ）
穿,つらぬ（く）
穿,は（く）
穿,ほじく（る）
穿,ほじ（る）
茸,しげ（る）
叛,そむ（く）
剃,そ（る）
矧,は（ぐ）
宥,ゆる（す）
歪,いが（む）
歪,ひず（む）
歪,ゆが（む）
廻,まわ（す）
廻,まわ（る）
廻,めぐ（る）
臥,ふ（す）
咳,しわぶ（く）
咳,せ（く）
砥,と（ぐ）
砥,みが（く）
凌,しの（ぐ）
耽,ふけ（る）
恕,おもいや（る）
恕,ゆる（す）
栗,おのの（く）
栖,す（む）
啄,ついば（む）
窄,すぼ（む）
窄,つぼ（む）
涌,わ（く）
柴,ふさ（ぐ）
挺,ぬ（く）
晒,さら（す）
晋,すす（む）
砺,と（ぐ）
砺,みが（く）
凋,しぼ（む）
唖,わら（う）
娩,う（む）
倦,あぐ（む）
倦,う（む）
匪,あら（ず）
挽,ひ（く）
訊,き（く）
訊,と（う）
捌,さば（く）
倖,へつら（う）
晃,ひか（る）
涜,あなど（る）
涜,けが（す）
浩,おご（る）
閃,ひらめ（く）
琢,みが（く）
紬,つむ（ぐ）
婁,つな（ぐ）
捺,お（す）
掻,か（く）
崕,かどだ（つ）
捷,か（つ）
淋,したた（る）
淋,そそ（ぐ）
啞,わら（う）
掩,おお（う）
掩,かば（う）
惟,おも（う）
惟,おもんみ（る）
寅,つつし（む）
祷,いの（る）
祷,まつ（る）
捲,ま（く）
捲,まく（る）
捲,めく（る）
牽,ひ（く）
掬,すく（う）
掬,むす（ぶ）
烹,に（る）
萌,きざ（す）
萌,めぐ（む）
萠,きざ（す）
萠,めぐ（む）
逢,あ（う）
悉,ことごと（く）
悉,つく（す）
這,は（う）
掠,かす（る）
掠,さら（う）
掠,むちう（つ）
淀,よど（む）
掴,つか（む）
畢,ことごと（く）
偲,しの（ぶ）
貰,もら（う）
貰,ゆる（す）
揃,そろ（う）
詑,あざむ（く）
棲,す（む）
溌,そそ（ぐ）
焚,た（く）
焚,や（く）
遥,さまよ（う）
湛,しず（む）
湛,ふけ（る）
註,ときあか（す）
葢,おお（う）
董,ただ（す）
喋,しゃべ（る）
喋,ふ（む）
巽,ゆず（る）
喬,おご（る）
揖,ゆず（る）
欽,うやま（う）
欽,つつし（む）
堰,せ（く）
疏,うと（む）
疏,とお（す）
疏,とお（る）
惹,ひ（く）
惹,まね（く）
斯,か（く）
粥,ひさ（ぐ）
葺,つくろ（う）
葺,ふ（く）
喰,く（う）
覗,うかが（う）
覗,のぞ（く）
寓,やど（る）
蒙,おお（う）
蒙,こうむ（る）
嵩,かさ（む）
傭,やと（う）
猷,はか（る）
愈,まさ（る）
逼,せま（る）
摸,うつ（す）
摸,さぐ（る）
跨,また（ぐ）
蒔,ま（く）
蒼,しげ（る）
搔,か（く）
溢,おご（る）
溯,さかのぼ（る）
煉,ね（る）
溜,したた（る）
詫,ほこ（る）
稔,つ（む）
稔,みの（る）
嘘,は（く）
嘘,ふ（く）
煽,あお（る）
煽,おこ（る）
蔭,おお（う）
蔭,しげ（る）
厭,いと（う）
漉,こ（す）
漉,す（く）
摺,くじ（く）
摺,す（る）
摺,たた（む）
瑳,みが（く）
膏,うるお（す）
斡,つかさど（る）
斡,めぐ（る）
頗,かたよ（る）
頗,すこぶ（る）
摑,つか（む）
駁,なじ（る）
蔓,はびこ（る）
僑,やど（る）
窪,くぼ（む）
綴,つづ（る）
熔,い（る）
赫,かがや（く）
漕,こ（ぐ）
漕,はこ（ぶ）
竪,た（つ）
潅,そそ（ぐ）
暢,とお（る）
劃,くぎ（る）
槌,う（つ）
潑,そそ（ぐ）
漑,すす（ぐ）
漑,そそ（ぐ）
噓,は（く）
噓,ふ（く）
劉,ころ（す）
駕,しの（ぐ）
駕,の（る）
蕃,しげ（る）
撹,みだ（す）
幡,ひるがえ（る）
磐,わだかま（る）
蕪,しげ（る）
僻,かたよ（る）
僻,ひが（む）
鋪,し（く）
嬉,あそ（ぶ）
駈,か（る）
駈,お（う）
翫,あなど（る）
翫,むさぼ（る）
翫,もてあそ（ぶ）
誹,そし（る）
諒,さと（る）
噛,かじ（る）
噛,か（む）
撰,えら（ぶ）
撒,ま（く）
撚,ひね（る）
撚,よ（る）
鋤,す（く）
蝉,つづ（く）
撞,つ（く）
蝕,むしば（む）
歎,なげ（く）
播,し（く）
播,ま（く）
蕩,あら（う）
蕩,うご（く）
蕩,はら（う）
諏,と（う）
諏,はか（る）
豎,た（つ）
薙,か（る）
薙,そ（る）
薙,な（ぐ）
錫,たま（う）
窺,うかが（う）
窺,のぞ（く）
諜,うかが（う）
諜,さぐ（る）
諜,しめ（す）
翰,と（ぶ）
餐,く（う）
餐,の（む）
儘,ことごと（く）
醗,かも（す）
樵,きこ（る）
樵,こ（る）
謂,い（う）
澱,よど（む）
燕,くつろ（ぐ）
繋,つな（ぐ）
嬰,めぐ（る）
擢,ぬ（く）
霞,かす（む）
瞥,み（る）
鞠,かが（む）
鞠,やしな（う）
膿,う（む）
濡,うるお（う）
濡,とどこお（る）
禦,ふせ（ぐ）
糞,つちか（う）
糞,はら（う）
趨,うなが（す）
趨,おもむ（く）
趨,はし（る）
鞭,むちう（つ）
謬,あやま（る）
蟬,つづ（く）
鎔,い（る）
擾,さわ（ぐ）
鎧,よろ（う）
瀆,あなど（る）
瀆,けが（す）
嚙,かじ（る）
嚙,か（む）
穣,みの（る）
簸,あお（る）
簸,ひ（る）
瀕,せま（る）
瀕,そ（う）
曝,さら（す）
蘇,よみがえ（る）
繫,つな（ぐ）
顚,くつがえ（る）
禱,いの（る）
禱,まつ（る）
醱,かも（す）
顛,くつがえ（る）
寵,めぐ（む）
櫛,くしけず（る）
礪,と（ぐ）
礪,みが（く）
馨,かお（る）
耀,かがや（く）
纂,つ（ぐ）
灌,そそ（ぐ）
轟,とどろ（く）
纏,まつ（る）
纏,まと（う）
韃,むちう（つ）
纒,まつ（る）
纒,まと（う）
饗,もてな（す）
攪,みだ（す）
內,い（る）
沒,しず（む）
沒,し（ぬ）
每,むさぼ（る）
成,な（す）
成,な（る）
步,あゆ（む）
步,ある（く）
免,う（む）
免,ゆる（す）
芽,めぐ（む）
尙,たっと（ぶ）
尙,とうと（ぶ）
拔,ぬ（く）
戾,もど（す）
戾,もど（る）
戾,いた（る）
戾,もと（る）
爭,あらそ（う）
舍,お（く）
舍,やど（る）
周,あまね（く）
周,めぐ（る）
屆,とど（く）
卷,ま（く）
兩,ふた（つ）
拂,はら（う）
亞,つ（ぐ）
來,く（る）
來,きた（す）
來,きた（る）
𦤶,いた（す）
突,つ（く）
卽,つ（く）
侮,あなど（る）
拜,おが（む）
祈,いの（る）
臭,にお（う）
祝,いわ（う）
祝,た（つ）
祝,の（る）
祝,のろ（う）
涉,わた（る）
缺,か（く）
乘,の（る）
晉,すす（む）
效,き（く）
效,いた（す）
效,なら（う）
挾,はさ（む）
挾,さしはさ（む）
倂,なら（ぶ）
祕,かく（す）
竝,なら（ぶ）
悅,よろこ（ぶ）
益,ま（す）
陷,おちい（る）
處,お（く）
處,お（る）
從,したが（う）
參,まい（る）
產,う（む）
淸,す（む）
殺,ころ（す）
殺,けず（る）
殺,そ（ぐ）
脫,ぬ（ぐ）
硏,と（ぐ）
硏,みが（く）
假,か（す）
單,ひと（つ）
喝,おど（す）
喝,しか（る）
曾,ま（す）
盜,ぬす（む）
盜,と（る）
發,あば（く）
發,た（つ）
發,はな（つ）
發,ひら（く）
勞,いたわ（る）
勞,ねぎら（う）
勞,はたら（く）
插,さ（す）
插,さしはさ（む）
插,はさ（む）
爲,す（る）
爲,つく（る）
爲,な（す）
爲,な（る）
畫,えが（く）
畫,かぎ（る）
畫,か（く）
畫,はか（る）
搜,さが（す）
惱,なや（む）
割,わ（る）
割,さ（く）
剩,あま（す）
剩,あま（る）
逸,うしな（う）
逸,はし（る）
逸,はや（る）
琢,みが（く）
殘,のこ（す）
殘,のこ（る）
貳,ふた（つ）
圍,かこ（う）
圍,かこ（む）
壹,ひと（つ）
惠,めぐ（む）
渴,かわ（く）
渴,むさぼ（る）
視,み（る）
著,あらわ（す）
著,き（る）
著,つ（く）
惡,にく（む）
愼,つつし（む）
肅,つつし（む）
飯,くら（う）
溫,つつ（む）
傳,つた（う）
裝,よそお（う）
裝,よそ（う）
碎,くだ（く）
搖,ゆ（る）
經,へ（る）
經,た（つ）
會,あ（う）
飮,の（む）
飮,みずか（う）
亂,みだ（す）
煮,に（る）
號,さけ（ぶ）
與,あずか（る）
嘆,なげ（く）
署,しる（す）
寬,くつろ（ぐ）
滯,とどこお（る）
飼,か（う）
飼,やしな（う）
遙,さまよ（う）
賓,したが（う）
實,みの（る）
圖,はか（る）
慘,いた（む）
稱,かな（う）
稱,はか（る）
寢,ね（る）
僞,いつわ（る）
盡,ことごと（く）
壽,ことほ（ぐ）
舖,し（く）
澁,しぶ（る）
徵,め（す）
賣,う（る）
練,ね（る）
憎,にく（む）
彈,はず（む）
彈,ひ（く）
彈,ただ（す）
彈,はじ（く）
醉,よ（う）
緣,よ（る）
歐,は（く）
墮,こぼ（つ）
毆,う（つ）
毆,たた（く）
毆,なぐ（る）
樂,この（む）
廢,すた（る）
寫,うつ（す）
寫,うつ（る）
增,ま（す）
踐,ふ（む）
曉,さと（る）
燈,とぼ（す）
燈,とも（す）
燈,とも（る）
輸,いた（す）
輸,うつ（す）
輸,おく（る）
諭,さと（す）
頻,しき（る）
餘,あま（す）
餘,あま（る）
賴,たの（む）
賴,たよ（る）
歷,へ（る）
澤,うるお（う）
勵,はげ（む）
據,よ（る）
擇,えら（ぶ）
擇,よ（る）
學,まな（ぶ）
擔,かつ（ぐ）
擔,にな（う）
錄,しる（す）
戰,たたか（う）
戰,おのの（く）
戰,そよ（ぐ）
隨,したが（う）
默,だま（る）
默,もだ（す）
燒,や（く）
鄰,とな（る）
衞,まも（る）
謠,うた（う）
濕,うるお（す）
濕,しめ（す）
濕,しめ（る）
舊,ふ（る）
繁,しげ（る）
薰,かお（る）
薰,た（く）
擊,う（つ）
擧,こぞ（る）
壓,お（す）
壓,へ（す）
鍊,ね（る）
潛,ひそ（む）
潛,もぐ（る）
潛,くぐ（る）
點,とぼ（す）
點,とぼ（る）
點,とも（る）
縱,はな（つ）
縱,ゆる（す）
隸,したが（う）
彌,つくろ（う）
彌,わた（る）
齋,いつ（く）
齋,つつし（む）
隱,かく（す）
營,いとな（む）
濟,す（む）
濟,すく（う）
濟,な（す）
濟,わた（す）
濟,わた（る）
禪,ゆず（る）
斷,ことわ（る）
斷,た（つ）
雙,なら（ぶ）
雙,ふた（つ）
轉,ころ（ぶ）
轉,うつ（る）
轉,まろ（ぶ）
歸,かえ（す）
歸,かえ（る）
歸,おく（る）
歸,とつ（ぐ）
禮,うやま（う）
謹,つつし（む）
獵,か（る）
辭,ことわ（る）
類,に（る）
證,あか（す）
繩,ただ（す）
贈,おく（る）
懷,なつ（く）
懷,いだ（く）
懷,おも（う）
繪,えが（く）
壞,こわ（す）
壞,やぶ（る）
鬪,たたか（う）
譯,と（く）
騷,さわ（ぐ）
騷,ぞめ（く）
覺,さと（る）
獻,たてまつ（る）
獻,まつ（る）
觸,さわ（る）
繼,つ（ぐ）
釋,お（く）
釋,と（く）
釋,ゆる（す）
續,つづ（く）
續,つ（ぐ）
辯,かた（る）
辯,と（く）
攝,と（る）
權,はか（る）
驅,か（る）
驅,お（う）
歡,よろこ（ぶ）
屬,つ（く）
疊,たた（む）
鑄,い（る）
響,ひび（く）
竊,ぬす（む）
覽,み（る）
穰,みの（る）
聽,き（く）
聽,ゆる（す）
讀,よ（む）
驗,ため（す）
顯,あらわ（す）
戀,こ（う）
囑,たの（む）
觀,しめ（す）
觀,み（る）
釀,かも（す）
讓,ゆず（る）
艷,うらや（む）
乂,か（る）
于,ゆ（く）
尸,つかさど（る）
已,や（む）
弋,と（る）
弌,ひと（つ）
丐,こ（う）
亢,たかぶ（る）
仍,よ（る）
仄,かたむ（く）
仄,そばだ（つ）
仆,ふ（す）
尹,ただ（す）
扎,ぬ（く）
曰,い（う）
曰,いわ（く）
弍,うたが（う）
弍,つ（ぐ）
弍,なら（ぶ）
弍,ふた（つ）
仗,よ（る）
仞,はか（る）
仭,はか（る）
刋,き（る）
刋,けず（る）
叨,むさぼ（る）
孕,はら（む）
孕,みごも（る）
艾,か（る）
辷,すべ（る）
伉,おご（る）
伉,なら（ぶ）
冱,こお（る）
刔,えぐ（る）
吁,なげ（く）
夸,おご（る）
夸,ほこ（る）
奸,おか（す）
屹,そばだ（つ）
并,なら（ぶ）
忖,おしはか（る）
忖,はか（る）
戍,まも（る）
扞,おお（う）
扞,ひ（く）
扞,ふせ（ぐ）
扛,かつ（ぐ）
扣,たた（く）
扠,さ（す）
扠,はさみと（る）
汕,すく（う）
阡,しげ（る）
佚,うしな（う）
估,あきな（う）
估,う（る）
佗,にな（う）
佇,たたず（む）
佇,ま（つ）
佞,おもね（る）
佞,へつら（う）
兌,よろこ（ぶ）
刪,えら（ぶ）
刪,けず（る）
甸,か（る）
听,わら（う）
吮,す（う）
吶,ども（る）
吩,ふ（く）
夾,さしはさ（む）
夾,はさ（む）
妝,よそお（う）
孚,かえ（す）
孚,はぐく（む）
彷,さまよ（う）
彷,にかよ（う）
忻,よろこ（ぶ）
忤,さから（う）
忤,もと（る）
忰,かじか（む）
抉,えぐ（る）
找,さおさ（す）
抒,く（む）
抒,のぞ（く）
抓,か（く）
抓,つね（る）
抓,つま（む）
抓,つ（む）
抖,ふる（う）
抃,う（つ）
抔,すく（う）
抛,なげう（つ）
抛,ほう（る）
旱,かわ（く）
沍,こお（る）
沁,ひた（す）
汨,しず（む）
沐,あら（う）
沐,うるお（う）
泛,あまね（く）
泛,くつがえ（す）
糺,あざな（う）
糺,ただ（す）
狃,なら（う）
芟,か（る）
芬,かお（る）
沪,こ（す）
删,えら（ぶ）
删,けず（る）
乖,そむ（く）
乖,もと（る）
侈,おご（る）
侘,ほこ（る）
佩,は（く）
侑,ゆる（す）
佯,いつわ（る）
佯,さまよ（う）
侖,おも（う）
凭,よ（る）
刮,けず（る）
刮,こす（る）
刳,えぐ（る）
刳,く（る）
刳,さ（く）
劼,つつし（む）
咏,うた（う）
呵,しか（る）
呵,ふ（く）
呵,わら（う）
呟,つぶや（く）
呷,あお（る）
呷,す（う）
呻,うな（る）
呻,うめ（く）
咀,か（む）
咄,しか（る）
咐,ふ（く）
坿,ま（す）
帚,は（く）
徂,し（ぬ）
徂,ゆ（く）
彿,にかよ（う）
忿,いか（る）
怡,よろこ（ぶ）
怙,たの（む）
怛,いた（む）
怛,おどろ（く）
怫,いか（る）
怫,ふさ（ぐ）
怫,もと（る）
怏,うら（む）
拑,つぐ（む）
拑,はさ（む）
拆,さ（く）
拆,ひら（く）
拈,つま（む）
拈,ひね（る）
拌,わ（る）
拊,う（つ）
毟,むし（る）
昃,かたむ（く）
沽,う（る）
沽,か（う）
沮,はば（む）
沮,ふせ（ぐ）
泝,さかのぼ（る）
泅,およ（ぐ）
沾,うるお（う）
沾,うるお（す）
爬,か（く）
爬,は（う）
軋,きし（む）
軋,きし（る）
炙,あぶ（る）
炙,や（く）
炒,い（る）
狎,あなど（る）
陂,かたむ（く）
疚,なや（む）
疚,や（む）
歿,し（ぬ）
苞,つつ（む）
苴,おぎな（う）
迪,みちび（く）
迪,すす（む）
迪,ふ（む）
廸,みちび（く）
廸,すす（む）
廸,ふ（む）
秉,と（る）
秉,まも（る）
罔,あざむ（く）
祀,まつ（る）
幷,なら（ぶ）
拋,なげう（つ）
拋,ほう（る）
卹,めぐ（む）
矻,はたら（く）
彽,たちもとお（る）
卻,しりぞ（く）
俔,うかが（う）
俟,ま（つ）
俘,と（る）
俑,いた（む）
剄,くびき（る）
剋,か（つ）
剋,きざ（む）
剌,そむ（く）
剌,もと（る）
匍,は（う）
匍,はらば（う）
呱,な（く）
呰,そし（る）
哇,は（く）
咢,いいあらそ（う）
咢,おどろ（く）
咸,ことごと（く）
咥,か（む）
咥,わら（う）
咬,かじ（る）
咬,か（む）
哈,すす（る）
咨,なげ（く）
咨,はか（る）
哂,あざわら（う）
哂,わら（う）
咤,しか（る）
姙,はら（む）
姙,みごも（る）
屏,おお（う）
屏,しりぞ（く）
峙,そばだ（つ）
弯,ひ（く）
徊,さまよ（う）
很,もと（る）
徇,したが（う）
徇,めぐ（る）
怱,いそ（ぐ）
恪,つつし（む）
恊,かな（う）
恃,たの（む）
恤,めぐ（む）
恂,またた（く）
恫,いた（む）
恫,おど（す）
拏,つか（む）
拏,ひ（く）
挌,う（つ）
挌,なぐ（る）
拮,せま（る）
拮,はたら（く）
拱,こまぬ（く）
拱,こまね（く）
拯,すく（う）
拵,よ（る）
畋,か（る）
斫,き（る）
昜,ひら（く）
昵,なじ（む）
柬,えら（ぶ）
胚,はら（む）
洽,うるお（う）
洽,うるお（す）
洶,わ（く）
洒,あら（う）
洒,すす（ぐ）
洒,そそ（ぐ）
癸,はか（る）
紆,まと（う）
紆,めぐ（る）
牴,さわ（る）
酊,よ（う）
炸,さ（く）
炮,あぶ（る）
炮,や（く）
炬,や（く）
炯,ひか（る）
衲,つくろ（う）
狡,くる（う）
狠,か（む）
狠,もと（る）
盻,にら（む）
眈,にら（む）
眄,み（る）
殄,ことごと（く）
殄,た（つ）
茲,しげ（る）
茲,ま（す）
茹,く（う）
茹,くさ（る）
茗,よ（う）
衍,し（く）
衍,はびこ（る）
矜,つつし（む）
矜,ほこ（る）
臾,しばら（く）
舁,か（く）
舁,かつ（ぐ）
紉,むす（ぶ）
挘,むし（る）
炷,た（く）
炷,や（く）
烟,けむ（る）
烟,けぶ（る）
倚,たの（む）
倚,よ（る）
倨,おご（る）
倥,ぬか（る）
倩,やと（う）
俾,にら（む）
俯,ふ（す）
俯,うつぶ（す）
俯,うつむ（く）
冓,く（む）
凅,こお（る）
剞,きざ（む）
剔,えぐ（る）
剔,そ（る）
哥,うた（う）
哦,うた（う）
唏,なげ（く）
哽,むせ（ぶ）
哮,たけ（る）
哭,な（く）
哢,さえず（る）
唳,な（く）
娉,と（う）
娉,めと（る）
恚,いか（る）
恚,うら（む）
悁,あせ（る）
悁,いか（る）
悛,つつし（む）
悖,もと（る）
悋,ねた（む）
拿,つか（む）
拿,ひ（く）
捐,か（う）
捍,ふせ（ぐ）
捍,まも（る）
捩,ねじ（る）
捩,もじ（る）
捩,よじ（る）
旁,よ（る）
耘,くさぎ（る）
耘,のぞ（く）
蚩,あなど（る）
栫,ふさ（ぐ）
胯,また（ぐ）
浣,あら（う）
浣,すす（ぐ）
涕,な（く）
浹,うるお（う）
浹,うるお（す）
浹,とお（る）
浹,めぐ（る）
浚,さら（う）
珥,さしはさ（む）
紊,みだ（す）
紕,かざ（る）
耿,ひか（る）
舫,もや（う）
烝,む（す）
烙,や（く）
訖,いた（る）
訖,や（む）
訐,あば（く）
袒,かたぬ（ぐ）
袒,はだぬ（ぐ）
眩,くら（む）
眩,くるめ（く）
眩,ま（う）
眩,まど（う）
陟,すす（む）
陟,のぼ（る）
陞,のぼ（る）
疼,いた（む）
疼,うず（く）
莚,はびこ（る）
莅,のぞ（む）
芻,か（る）
耆,たしな（む）
逅,あ（う）
迴,まわ（る）
迴,めぐ（る）
迸,はし（る）
迸,ほとばし（る）
竚,たたず（む）
竚,ま（つ）
站,たたず（む）
站,た（つ）
秣,まぐさか（う）
盍,あ（う）
盍,おお（う）
舐,ねぶ（る）
虔,うば（う）
虔,ころ（す）
虔,つつし（む）
祗,つつし（む）
祠,まつ（る）
祓,はら（う）
祟,たた（る）
捓,からか（う）
偃,おご（る）
偃,ふ（す）
偈,いこ（う）
偸,ぬす（む）
做,な（す）
剪,き（る）
剪,つ（む）
剪,はさ（む）
匐,は（う）
匐,はらば（う）
唹,わら（う）
啀,いが（む）
售,う（る）
啜,すす（る）
啜,すすりな（く）
啅,さえず（る）
啅,ついば（む）
啖,く（う）
啗,く（う）
唸,うな（る）
圉,か（う）
圉,ふせ（ぐ）
堋,ほうむ（る）
婉,したが（う）
娶,めと（る）
婪,むさぼ（る）
崛,そばだ（つ）
彗,は（く）
徙,うつ（す）
徙,うつ（る）
徘,さまよ（う）
惓,う（む）
悴,かじか（む）
悽,いた（む）
惆,いた（む）
惆,うら（む）
悵,いた（む）
悵,うら（む）
戛,う（つ）
扈,したが（う）
扈,つきそ（う）
扈,はびこ（る）
掖,わきばさ（む）
掎,ひ（く）
捶,う（つ）
捶,むちう（つ）
掏,えら（ぶ）
掏,す（る）
掉,ふ（る）
掉,ふる（う）
捫,と（る）
捫,ひね（る）
旌,あらわ（す）
敖,あそ（ぶ）
敖,おご（る）
晞,かわ（く）
晞,さら（す）
晞,ほ（す）
晤,あ（う）
梳,くしけず（る）
梳,す（く）
梳,と（く）
梟,さら（す）
梏,しば（る）
梏,みだ（す）
曼,ひ（く）
跂,は（う）
鹵,うば（う）
淹,ひた（す）
淬,にら（ぐ）
涵,うるお（す）
涵,ひた（す）
淙,そそ（ぐ）
淆,にご（る）
淆,みだ（す）
淪,しず（む）
淪,ほろ（ぶ）
笞,むちう（つ）
欷,すすりな（く）
欷,なげ（く）
硅,やぶ（る）
紿,あざむ（く）
絆,つな（ぐ）
絆,ほだ（す）
紲,しば（る）
紲,つな（ぐ）
犁,す（く）
酖,ふけ（る）
聆,き（く）
聆,さと（る）
聊,たよ（る）
烱,ひか（る）
訛,あやま（る）
訛,いつわ（る）
訛,なま（る）
訝,いぶか（る）
訥,ども（る）
勒,きざ（む）
勒,ほ（る）
猜,うたが（う）
猜,そね（む）
猜,ねた（む）
猖,くる（う）
猖,たけりくる（う）
眥,にら（む）
眦,にら（む）
疵,そし（る）
痒,や（む）
貶,けな（す）
貶,さげす（む）
貶,そし（る）
逑,あ（う）
逡,しさ（る）
逡,しりぞ（く）
逡,ためら（う）
逍,さまよ（う）
逎,せま（る）
竟,わた（る）
衒,う（る）
衒,てら（う）
舂,うすづ（く）
舂,つ（く）
屛,おお（う）
屛,しりぞ（く）
悤,いそ（ぐ）
偷,ぬす（む）
傚,なら（う）
傅,かしず（く）
傅,つ（く）
剴,き（る）
啣,ふく（む）
喀,は（く）
喊,さけ（ぶ）
喟,なげ（く）
啾,な（く）
喘,あえ（ぐ）
喘,せ（く）
喞,かこ（つ）
喞,そそ（ぐ）
喞,な（く）
啼,な（く）
喃,しゃべ（る）
堙,ふさ（ぐ）
奠,まつ（る）
奢,おご（る）
孳,う（む）
孳,しげ（る）
寐,ね（る）
屠,さ（く）
屠,ほふ（る）
孱,おと（る）
嵌,はめこ（む）
弑,ころ（す）
徨,さまよ（う）
愕,おどろ（く）
惺,さと（る）
惻,いた（む）
愎,もと（る）
戞,う（つ）
掣,ひ（く）
揩,こす（る）
揩,す（る）
揩,ぬぐ（う）
揀,えら（ぶ）
揆,はか（る）
揣,おしはか（る）
揣,はか（る）
揉,も（む）
揶,からか（う）
敝,やぶ（る）
黹,ぬ（う）
椄,つ（ぐ）
棹,さおさ（す）
跖,ふ（む）
跌,あやま（つ）
跌,つまず（く）
跛,かたよ（る）
跋,つまず（く）
跋,ふ（む）
渙,ち（る）
湮,しず（む）
湮,ふさ（ぐ）
湫,とどこお（る）
渾,にご（る）
渫,けが（す）
渫,さら（う）
游,あそ（ぶ）
游,およ（ぐ）
湎,しず（む）
軫,いた（む）
馮,いか（る）
馮,かちわた（る）
馮,たの（む）
馮,つ（く）
馮,よ（る）
馭,あやつ（る）
馭,の（る）
釿,き（る）
釿,た（つ）
鈞,はか（る）
鈔,うつ（す）
絎,ぬ（う）
絏,しば（る）
絏,つな（ぐ）
犂,す（く）
犇,はし（る）
犇,ひしめ（く）
焜,かがや（く）
焙,あぶ（る）
詛,そし（る）
詛,ちか（う）
詛,のろ（う）
詈,ののし（る）
訶,しか（る）
詁,と（く）
詁,よ（む）
詆,あば（く）
詆,しか（る）
詆,そし（る）
詒,あざむ（く）
詒,おく（る）
詒,のこ（す）
覃,およ（ぶ）
覃,ひ（く）
睇,ぬすみみ（る）
痙,ひきつ（る）
辜,そむ（く）
甦,よみがえ（る）
葆,しげ（る）
葆,たも（つ）
葆,つつ（む）
覘,うかが（う）
覘,のぞ（く）
皓,ひか（る）
貽,おく（る）
貽,のこ（す）
賁,かざ（る）
竢,ま（つ）
竦,すく（む）
竦,つつし（む）
稍,ようや（く）
趁,お（う）
趁,おもむ（く）
趁,ゆきなや（む）
翔,かけ（る）
翔,と（ぶ）
孶,う（む）
孶,しげ（る）
逬,はし（る）
逬,ほとばし（る）
跎,つまず（く）
愒,いこ（う）
愒,おど（す）
愒,むさぼ（る）
喑,な（く）
焠,にら（ぐ）
焠,や（く）
猋,はし（る）
傴,かが（む）
傴,つつし（む）
剿,かすめと（る）
剿,た（つ）
剽,かすめと（る）
勦,かすめと（る）
勦,た（つ）
飭,ただ（す）
飭,つつし（む）
匯,めぐ（る）
嗚,なげ（く）
嗟,なげ（く）
嗜,たしな（む）
嗤,あざわら（う）
嗤,わら（う）
嗔,いか（る）
嫋,そよ（ぐ）
幎,おお（う）
愆,あやま（つ）
愆,あやま（る）
慍,いか（る）
慍,うら（む）
愾,いか（る）
愾,なげ（く）
愴,いた（む）
戡,か（つ）
戡,ころ（す）
搆,ひ（く）
搦,と（る）
搶,つ（く）
搓,も（む）
搓,よ（る）
搗,う（つ）
搗,か（つ）
搗,たた（く）
搗,つ（く）
搏,う（つ）
搏,と（る）
搏,はばた（く）
搨,うつ（す）
搨,す（る）
斟,おしはか（る）
斟,く（む）
暈,くら（む）
暈,ぼか（す）
暉,かがや（く）
暉,ひか（る）
耡,す（く）
耡,たがや（す）
蛻,もぬけ（る）
楫,こ（ぐ）
楞,かどば（る）
跟,したが（う）
跪,ひざまず（く）
溥,し（く）
溷,にご（る）
滔,うご（く）
滔,はびこ（る）
溲,そそ（ぐ）
溲,ひた（す）
筮,うらな（う）
筴,はさ（む）
歇,やす（む）
歇,や（む）
歃,すす（る）
肄,なら（う）
雍,いだ（く）
雍,ふさ（ぐ）
鉗,はさ（む）
酩,よ（う）
聘,と（う）
聘,まね（く）
聘,め（す）
聘,めと（る）
煥,かがや（く）
煌,かがや（く）
煬,あぶ（る）
煬,や（く）
煦,めぐ（む）
詭,あざむ（く）
詭,いつわ（る）
詭,そむ（く）
詢,と（う）
詢,はか（る）
詬,そし（る）
詬,ののし（る）
誅,う（つ）
誅,ころ（す）
閙,さわ（ぐ）
裼,かたぬ（ぐ）
裼,はだぬ（ぐ）
裨,おぎな（う）
躱,かわ（す）
猾,みだ（す）
睨,かたむ（く）
睨,にら（む）
睚,にら（む）
睥,にら（む）
隕,うしな（う）
隕,し（ぬ）
粲,わら（う）
辟,かたよ（る）
辟,ひら（く）
辟,め（す）
蒭,か（る）
賈,あきな（う）
賈,う（る）
賈,か（う）
貲,あがな（う）
遒,せま（る）
遏,さえぎ（る）
遏,た（つ）
逾,こ（す）
遉,うかが（う）
遉,さぐ（る）
稟,もう（す）
禀,もう（す）
稠,しげ（る）
衙,まい（る）
罨,おお（う）
豢,か（う）
豢,やしな（う）
搤,つか（む）
僖,よろこ（ぶ）
僥,ねが（う）
僣,おご（る）
兢,つつし（む）
嘔,うた（う）
嘔,は（く）
嘖,さいな（む）
嘖,さけ（ぶ）
嗾,そそのか（す）
嗽,くちすす（ぐ）
嗽,す（う）
嗽,せ（く）
塹,ほ（る）
孵,かえ（す）
孵,かえ（る）
寤,さと（る）
慇,いた（む）
愨,つつし（む）
愿,つつし（む）
慷,なげ（く）
慟,なげ（く）
慵,おこた（る）
截,き（る）
截,た（つ）
搴,と（る）
摧,くじ（く）
摧,くだ（く）
敲,たた（く）
曄,かがや（く）
蜚,と（ぶ）
槁,かわ（く）
槎,き（る）
榜,こ（ぐ）
榜,むちう（つ）
槃,めぐ（る）
跼,かが（む）
跼,せぐくま（る）
踉,おど（る）
滾,たぎ（る）
漲,みなぎ（る）
漱,くちすす（ぐ）
漱,すす（ぐ）
漾,ただよ（う）
滲,にじ（む）
漓,したた（る）
滌,あら（う）
滌,すす（ぐ）
輓,ひ（く）
箝,つぐ（む）
箝,はさ（む）
箒,は（く）
箒,はら（う）
箚,さ（す）
箚,しる（す）
髣,に（る）
銜,ふく（む）
銓,えら（ぶ）
銓,はか（る）
綺,いろ（う）
緇,くろ（む）
綢,まと（う）
綯,な（う）
綰,たく（る）
綰,たぐ（る）
綰,つな（ぐ）
綰,むす（ぶ）
犒,ねぎら（う）
酲,よ（う）
酳,すす（ぐ）
酳,すす（る）
甄,つく（る）
熄,や（む）
煕,ひか（る）
煕,よろこ（ぶ）
熏,いぶ（す）
熏,や（く）
誣,あざむ（く）
誣,そし（る）
誦,よ（む）
誚,しか（る）
誚,そし（る）
誑,あざむ（く）
誑,たぶらか（す）
誑,たら（す）
裹,つつ（む）
裹,まと（う）
裴,たちもとお（る）
鞁,くらお（く）
鞅,うら（む）
鞅,にな（う）
睹,み（る）
殞,し（ぬ）
遘,あ（う）
遘,であ（う）
竭,ことごと（く）
趙,およ（ぶ）
窩,かく（す）
窩,かくま（う）
禊,はら（う）
劄,さ（す）
劄,しる（す）
慠,おご（る）
摏,つ（く）
厲,と（ぐ）
厲,はげ（む）
厲,や（む）
澂,す（む）
儚,はかな（む）
冪,おお（う）
劈,さ（く）
劈,つんざ（く）
噎,むせ（ぶ）
嘶,いなな（く）
嫺,なら（う）
嫻,なら（う）
慳,しぶ（る）
慫,おどろ（く）
憚,はばか（る）
戮,ころ（す）
撓,しな（う）
撓,しわ（る）
撓,たわ（む）
撥,のぞ（く）
撕,さ（く）
撩,いど（む）
撈,と（る）
麾,さしまね（く）
蝟,むらが（る）
樅,つ（く）
樛,めぐ（る）
樔,すく（う）
膠,つ（く）
踟,たちもとお（る）
踟,ためら（う）
踞,うずくま（る）
踞,おご（る）
滕,わ（く）
澆,そそ（ぐ）
濆,ふ（く）
濆,わ（く）
輟,つづ（る）
駘,ふ（む）
瑩,みが（く）
髴,に（る）
磋,みが（く）
碾,ひ（く）
鋏,はさ（む）
銷,け（す）
銷,ち（る）
緤,つな（ぐ）
縅,おど（す）
緝,つむ（ぐ）
醂,あわ（す）
醂,さわ（す）
熨,の（す）
熙,ひか（る）
熙,よろこ（ぶ）
熈,ひか（る）
熈,よろこ（ぶ）
熬,い（る）
諍,あらそ（う）
諂,おもね（る）
諂,へつら（う）
諛,へつら（う）
鬧,さわ（ぐ）
褫,うば（う）
褫,は（ぐ）
獗,くる（う）
獗,たけ（る）
瞑,つぶ（る）
瞑,つむ（る）
瞋,いか（る）
餉,おく（る）
靠,たが（う）
靠,よ（る）
賚,たま（う）
遨,あそ（ぶ）
皺,しわ（む）
翦,き（る）
翦,そ（ぐ）
翦,はさ（む）
翩,ひるがえ（る）
臧,かく（す）
噁,いか（る）
牖,みちび（く）
僭,おご（る）
冀,こいねが（う）
噤,つぐ（む）
嘯,うそぶ（く）
嘯,しか（る）
噬,か（む）
噬,く（う）
噪,さわ（ぐ）
嚆,さけ（ぶ）
圜,めぐ（る）
壅,さえぎ（る）
壅,ふさ（ぐ）
徼,さえぎ（る）
徼,めぐ（る）
憑,かか（る）
憑,たの（む）
憑,つ（く）
憑,よ（る）
懌,よろこ（ぶ）
懊,うら（む）
懊,なや（む）
懈,おこた（る）
擅,ゆず（る）
撻,むちう（つ）
擂,う（つ）
擂,す（る）
擂,みが（く）
黔,くろ（む）
曁,いた（る）
曁,およ（ぶ）
耨,くさぎ（る）
耨,す（く）
閼,さえぎ（る）
閼,ふさ（ぐ）
閾,くぎ（る）
霑,うるお（う）
霑,うるお（す）
橦,つ（く）
橈,くじ（く）
橈,たわ（む）
蹂,ふみにじ（る）
蹂,ふ（む）
踵,いた（る）
踵,つ（ぐ）
踵,ふ（む）
踰,こ（す）
踴,おど（る）
澡,あら（う）
澡,すす（ぐ）
澣,あら（う）
澣,すす（ぐ）
駮,なじ（る）
駭,おどろ（く）
駢,なら（ぶ）
歔,すすりな（く）
雕,え（る）
雕,きざ（む）
雕,ほ（る）
篩,ふる（う）
磔,さ（く）
縊,くく（る）
縊,くび（る）
縉,さしはさ（む）
縋,すが（る）
縢,かが（る）
縒,よ（る）
熹,あぶ（る）
熹,よろこ（ぶ）
熾,おこ（す）
燔,あぶ（る）
燔,や（く）
燗,に（る）
燎,や（く）
諞,へつら（う）
諳,さと（る）
諷,あてこす（る）
鬨,さわ（ぐ）
鬨,たたか（う）
襁,お（う）
頤,やしな（う）
頷,うなず（く）
瞠,みは（る）
瞞,あざむ（く）
瞞,だま（す）
餔,く（う）
餔,やしな（う）
餒,くさ（る）
殫,ことごと（く）
殪,ころ（す）
殪,し（ぬ）
殪,たお（す）
蕾,つぼ（む）
薨,し（ぬ）
薨,みまか（る）
薀,つ（む）
薈,しげ（る）
覦,こいねが（う）
覦,ねが（う）
覦,のぞ（む）
覩,み（る）
遶,めぐ（る）
邁,ゆ（く）
盥,すす（ぐ）
盥,そそ（ぐ）
罹,かか（る）
窶,やつ（す）
臻,いた（る）
臻,きた（る）
篡,うば（う）
篡,と（る）
噦,しゃく（る）
噦,むかつ（く）
謌,うた（う）
黏,ねば（る）
簒,うば（う）
簒,と（る）
嚏,はなひ（る）
嬲,なぶ（る）
嬪,そ（う）
擘,さ（く）
擘,つんざ（く）
擱,お（く）
擠,お（す）
擠,くじ（く）
擣,う（つ）
擣,たた（く）
擣,つ（く）
擯,みちび（く）
黜,おと（す）
黝,くろ（む）
螫,さ（す）
檪,こす（る）
蹉,つまず（く）
蹌,うご（く）
蹌,はし（る）
蹌,よろめ（く）
蹇,おご（る）
蹇,なえ（ぐ）
蹇,なや（む）
蹈,ふ（む）
膺,う（つ）
馘,くびき（る）
馘,みみき（る）
濬,さら（う）
濘,ぬか（る）
輾,めぐ（る）
駸,はし（る）
歛,ねが（う）
歛,のぞ（む）
鍼,さ（す）
縻,しば（る）
縻,つな（ぐ）
繆,あやま（る）
繆,いつわ（る）
繆,たが（う）
繆,もと（る）
繃,ま（く）
縲,しば（る）
縲,つな（ぐ）
聳,そばだ（つ）
聳,つつし（む）
燬,や（く）
諱,い（む）
謇,ども（る）
謗,そし（る）
謖,た（つ）
謨,はか（る）
褻,あなど（る）
襄,のぼ（る）
襄,はら（う）
瞰,のぞ（む）
瞰,み（る）
癆,いた（む）
餤,く（う）
餤,すす（む）
餞,おく（る）
藉,か（す）
藉,し（く）
藉,ふ（む）
藉,よ（る）
覯,あ（う）
覯,み（る）
覬,こいねが（う）
覬,ねが（う）
覬,のぞ（む）
賻,おく（る）
賺,すか（す）
賺,だま（す）
邂,あ（う）
遽,せま（る）
盪,あら（う）
盪,うご（く）
盪,はら（う）
艱,なや（む）
翳,かげ（る）
翳,かざ（す）
翳,かす（む）
虧,か（く）
獮,か（る）
獮,ころ（す）
嚔,はなひ（る）
戳,つ（く）
擲,なぐ（る）
擲,なげう（つ）
擺,ひら（く）
擽,う（つ）
擽,くすぐ（る）
擽,はら（う）
斃,し（ぬ）
闖,うかが（う）
闕,か（く）
闕,のぞ（く）
蟠,めぐ（る）
蟠,わだかま（る）
蹙,け（る）
蹙,せま（る）
蹙,つつし（む）
蹠,ふ（む）
蹣,よろめ（く）
蹤,したが（う）
臑,に（る）
濺,そそ（ぐ）
瀉,くだ（す）
瀉,そそ（ぐ）
瀉,は（く）
濾,こ（す）
繚,まと（う）
繚,めぐ（る）
繙,ひもと（く）
繞,まと（う）
繞,めぐ（る）
馥,かお（る）
聶,ささや（く）
釐,たま（う）
燿,かがや（く）
燿,かがよ（う）
燻,いぶ（す）
燻,や（く）
謾,あざむ（く）
謾,あなど（る）
謾,おこた（る）
鞫,ただ（す）
謳,うた（う）
謫,なが（す）
鬩,せめ（ぐ）
鞣,なめ（す）
瞿,み（る）
瞻,み（る）
餮,むさぼ（る）
覲,あ（う）
羂,くく（る）
羃,おお（う）
竄,はな（す）
騈,なら（ぶ）
嚥,の（む）
嚮,ひび（く）
嚮,む（く）
嬾,おこた（る）
懶,おこた（る）
攀,すが（る）
攀,ひ（く）
櫟,こす（る）
蹶,た（つ）
蹶,つまず（く）
蹲,うずくま（る）
蹲,つくば（う）
躇,たちもとお（る）
躇,ためら（う）
躇,ふ（む）
躇,わた（る）
瀝,したた（る）
瀝,そそ（ぐ）
騙,かた（る）
騙,だま（す）
籀,よ（む）
鏤,え（る）
鏤,かざ（る）
鏤,きざ（む）
鏨,え（る）
鏨,ほ（る）
爍,ひか（る）
譌,あやま（る）
譌,いつわ（る）
譌,なま（る）
譏,そし（る）
譎,いつわ（る）
譛,いつわ（る）
譛,そし（る）
羸,よわ（る）
餽,おく（る）
餽,まつ（る）
餾,む（す）
韲,くだ（く）
靡,おご（る）
靡,なび（く）
蘊,つ（む）
疆,かぎ（る）
蹻,おご（る）
繳,かえ（す）
歠,すす（る）
歠,の（む）
嚶,な（く）
懽,よろこ（ぶ）
攘,ぬす（む）
攘,はら（う）
攘,ゆず（る）
齟,か（む）
齟,くいちが（う）
闡,ひら（く）
蠕,うご（く）
蠕,うごめ（く）
躅,ふ（む）
躄,いざ（る）
躁,うご（く）
躁,さわ（ぐ）
韜,かく（す）
韜,つつ（む）
飄,ただよ（う）
飄,ひるがえ（る）
瀾,なみだ（つ）
瀰,はびこ（る）
騫,あやま（る）
騫,と（ぶ）
驀,の（る）
簪,かざ（す）
籌,はか（る）
鏗,う（つ）
鏗,つ（く）
辮,あ（む）
辮,く（む）
譬,さと（す）
譟,さわ（ぐ）
襭,つまばさ（む）
矍,いさ（む）
矍,みまわ（す）
贍,すく（う）
贍,た（す）
贏,あま（る）
贏,か（つ）
贏,にな（う）
蘯,あら（う）
蘯,うご（く）
蘯,はら（う）
躃,いざ（る）
騭,のぼ（る）
韞,かく（す）
韞,つつ（む）
衊,けが（す）
飜,ひるがえ（す）
飜,ひるがえ（る）
儷,なら（ぶ）
嚼,か（む）
囁,ささや（く）
囃,はや（す）
囀,さえず（る）
懼,おどろ（く）
齦,か（む）
齧,かじ（る）
齧,か（む）
鰥,や（む）
齎,もたら（す）
闢,ひら（く）
蠢,うごめ（く）
躋,のぼ（る）
躊,たちもとお（る）
躊,ためら（う）
鐫,うが（つ）
鐫,え（る）
鐫,ほ（る）
纉,つ（ぐ）
醺,よ（う）
爛,に（る）
譖,いつわ（る）
譖,そし（る）
饐,むせ（ぶ）
饋,おく（る）
饒,あま（る）
籒,よ（む）
彎,ひ（く）
攤,ひら（く）
龕,か（つ）
齬,くいちが（う）
齪,つつし（む）
鷙,う（つ）
霾,つちふ（る）
蠧,むしば（む）
躓,つまず（く）
躑,たちもとお（る）
躔,ふ（む）
躔,めぐ（る）
灑,あら（う）
灑,そそ（ぐ）
轢,きし（る）
轢,ひ（く）
轢,ふみにじ（る）
驕,おご（る）
顫,おどろ（く）
糴,か（う）
饕,むさぼ（る）
覿,あ（う）
覿,しめ（す）
覿,み（る）
鬻,ひさ（ぐ）
贓,かく（す）
贖,あがな（う）
禳,はら（う）
攣,つ（る）
攣,ひきつ（る）
攫,さら（う）
攫,つか（む）
蠱,まどわ（す）
躙,にじ（る）
躙,ふみにじ（る）
鑢,す（る）
鑚,うが（つ）
鑚,き（る）
纓,まと（う）
齏,くだ（く）
邏,みまわ（る）
邏,めぐ（る）
曬,さら（す）
囓,かじ（る）
囓,か（む）
齷,こせつ（く）
蠹,むしば（む）
驟,はし（る）
讙,よろこ（ぶ）
讒,そし（る）
癲,くる（う）
羈,つな（ぐ）
攬,と（る）
躡,お（う）
躡,のぼ（る）
躡,は（く）
躡,ふ（む）
臠,みそなわ（す）
釁,ちぬ（る）
釁,ぬ（る）
糶,う（る）
纘,つ（ぐ）
鬭,たたか（う）
躪,にじ（る）
躪,ふみにじ（る）
鑷,ぬ（く）
鬮,たたかいと（る）
矚,み（る）
黷,けが（す）
驤,はし（る）
驩,よろこ（ぶ）
鑽,うが（つ）
鑽,き（る）
鑿,うが（つ）
癴,ひきつ（る）
爨,かし（ぐ）
